{"cameraMode":{"drawMode":0,"name":"Shaded","section":"Shading Mode"},"sceneLighting":true,"audioPlay":false,"sceneViewState":{"m_AlwaysRefresh":false,"showFog":true,"showSkybox":true,"showFlares":true,"showImageEffects":true,"showParticleSystems":true,"showVisualEffectGraphs":true,"m_FxEnabled":true},"in2DMode":false,"pivot":{"x":0.16234555840492249,"y":1.1373311281204224,"z":-0.0005512544885277748},"rotation":{"x":0.3801944851875305,"y":-0.4290735721588135,"z":0.20568105578422547,"w":0.7931274771690369},"size":12.383782386779786,"orthographic":true}