{"cameraMode":{"drawMode":0,"name":"Shaded","section":"Shading Mode"},"sceneLighting":true,"audioPlay":false,"sceneViewState":{"m_AlwaysRefresh":false,"showFog":true,"showSkybox":true,"showFlares":true,"showImageEffects":true,"showParticleSystems":true,"showVisualEffectGraphs":true,"m_FxEnabled":true},"in2DMode":false,"pivot":{"x":604.0704956054688,"y":319.1914367675781,"z":6.1358466148376469},"rotation":{"x":-0.09899350255727768,"y":-0.09389196336269379,"z":-0.009382200427353382,"w":0.9906047582626343},"size":132.36305236816407,"orthographic":true}