{"cameraMode":{"drawMode":0,"name":"Shaded","section":"Shading Mode"},"sceneLighting":true,"audioPlay":false,"sceneViewState":{"m_AlwaysRefresh":false,"showFog":true,"showSkybox":true,"showFlares":true,"showImageEffects":true,"showParticleSystems":true,"showVisualEffectGraphs":true,"m_FxEnabled":true},"in2DMode":false,"pivot":{"x":0.16234555840492249,"y":1.1373311281204224,"z":-0.0005512544885277748},"rotation":{"x":0.10513935983181,"y":-0.7896252870559692,"z":0.1412413865327835,"w":0.5877850651741028},"size":4.023770332336426,"orthographic":true}