{"cameraMode":{"drawMode":0,"name":"Shaded","section":"Shading Mode"},"sceneLighting":true,"audioPlay":false,"sceneViewState":{"m_AlwaysRefresh":false,"showFog":true,"showSkybox":true,"showFlares":true,"showImageEffects":true,"showParticleSystems":true,"showVisualEffectGraphs":true,"m_FxEnabled":true},"in2DMode":false,"pivot":{"x":-29.673004150390626,"y":-144.28819274902345,"z":81.5610122680664},"rotation":{"x":0.5266638994216919,"y":-0.023623544722795488,"z":0.015392006374895573,"w":0.850010097026825},"size":137.65228271484376,"orthographic":false}