{"cameraMode":{"drawMode":0,"name":"Shaded","section":"Shading Mode"},"sceneLighting":true,"audioPlay":false,"sceneViewState":{"m_AlwaysRefresh":false,"showFog":true,"showSkybox":true,"showFlares":true,"showImageEffects":true,"showParticleSystems":true,"showVisualEffectGraphs":true,"m_FxEnabled":true},"in2DMode":false,"pivot":{"x":-0.022014755755662919,"y":-0.03166875243186951,"z":0.8355535268783569},"rotation":{"x":0.3387579023838043,"y":-0.5875167846679688,"z":0.29585710167884829,"w":0.6727120280265808},"size":6.817895889282227,"orthographic":true}