{"cameraMode":{"drawMode":0,"name":"Shaded","section":"Shading Mode"},"sceneLighting":true,"audioPlay":false,"sceneViewState":{"m_AlwaysRefresh":false,"showFog":true,"showSkybox":true,"showFlares":true,"showImageEffects":true,"showParticleSystems":true,"showVisualEffectGraphs":true,"m_FxEnabled":true},"in2DMode":false,"pivot":{"x":-28.663097381591798,"y":-123.19696044921875,"z":13.140779495239258},"rotation":{"x":-0.6027999520301819,"y":-0.040779825299978259,"z":0.03021242655813694,"w":-0.7966577410697937},"size":108.7452621459961,"orthographic":false}